Workbook

Sheet data
I1: AVG Intensity | N1: XPS Si 2p
A2: Layer # | B2: Kmax | C2: x | D2: d (cm) (e-9) | E2: d (nm) | F2: d(microm) | G2: Dd (nm) | H2: Dx | I2: 2960 cm-1 | J2: 3420-3460 cm-1 | K2: Intensity Diff | L2: Intensity Diff/d(nm) | N2: x | O2: eV | P2: xtheor | Q2: eVtheor
A3: 1 | B3: 1144 | C3: 1.25 | D3: 16.5 | E3: =(D3/100) -> 0.165 | F3: =(E3/1000000000)*1000000 -> 0.000165 | I3: ='data (Allison)'!B13 -> 0.00057570878 | J3: ='data (Allison)'!B105 -> 0.0013483704 | K3: =J3-I3 -> 0.00077266165 | L3: =K3/E3 -> 0.0046827979 | N3: 0.93 | O3: 101.9 | P3: 0 | Q3: 99.8
A4: 2 | B4: 1182 | C4: 1.375 | D4: 26 | E4: =(D4/100) -> 0.26 | F4: =(E4/1000000000)*1000000 -> 0.00026 | G4: =E4-E3 -> 0.095 | H4: =C4-C3 -> 0.125 | I4: ='data (Allison)'!C13 -> 0.00067234188 | J4: ='data (Allison)'!C105 -> 0.0016820196 | K4: =J4-I4 -> 0.0010096777 | L4: =K4/E4 -> 0.0038833757 | N4: 1.05 | O4: 102.2 | P4: 0.5 | Q4: 100.7
A5: 3 | B5: 1192 | C5: 1.4 | D5: 37 | E5: =(D5/100) -> 0.37 | F5: =(E5/1000000000)*1000000 -> 0.00037 | G5: =E5-E4 -> 0.11 | H5: =C5-C4 -> 0.025 | I5: ='data (Allison)'!D13 -> 0.0023642969 | J5: ='data (Allison)'!D105 -> 0.003384966 | K5: =J5-I5 -> 0.0010206691 | L5: =K5/E5 -> 0.0027585652 | N5: 1.24 | O5: 102.4 | P5: 1 | Q5: 101.5
A6: 4 | B6: 1217 | C6: 1.6 | D6: 46 | E6: =(D6/100) -> 0.46 | F6: =(E6/1000000000)*1000000 -> 0.00046 | G6: =E6-E5 -> 0.09 | H6: =C6-C5 -> 0.2 | I6: ='data (Allison)'!E13 -> -0.00061782895 | J6: ='data (Allison)'!E105 -> 0.00061371263 | K6: =J6-I6 -> 0.0012315416 | L6: =K6/E6 -> 0.0026772643 | N6: 1.35 | O6: 102.7 | P6: 1.5 | Q6: 102.5
A7: 5 | B7: 1220 | C7: 1.675 | D7: 45 | E7: =(D7/100) -> 0.45 | F7: =(E7/1000000000)*1000000 -> 0.00045 | G7: =E7-E6 -> -0.01 | H7: =C7-C6 -> 0.075 | I7: ='data (Allison)'!F13 -> 0.00045872386 | J7: ='data (Allison)'!F105 -> 0.0015937109 | K7: =J7-I7 -> 0.001134987 | L7: =K7/E7 -> 0.0025221934 | N7: 1.49 | O7: 102.8 | P7: 2 | Q7: 103.5
A8: 6 | B8: 1228 | C8: 1.775 | D8: 47.5 | E8: =(D8/100) -> 0.475 | F8: =(E8/1000000000)*1000000 -> 0.000475 | G8: =E8-E7 -> 0.025 | H8: =C8-C7 -> 0.1 | I8: ='data (Allison)'!G13 -> -0.00061093866 | J8: ='data (Allison)'!G105 -> 0.0005418001 | K8: =J8-I8 -> 0.0011527388 | L8: =K8/E8 -> 0.0024268184 | N8: 1.78 | O8: 103.1
A9: 7 | B9: 1235 | C9: 1.95 | D9: 48 | E9: =(D9/100) -> 0.48 | F9: =(E9/1000000000)*1000000 -> 0.00048 | G9: =E9-E8 -> 0.005 | H9: =C9-C8 -> 0.175 | I9: ='data (Allison)'!H13 -> -0.0013240849 | J9: ='data (Allison)'!H105 -> 2.4793755e-05 | K9: =J9-I9 -> 0.0013488786 | L9: =K9/E9 -> 0.0028101638 | N9: 1.91 | O9: 103.2
A10: 8 | B10: 1234 | C10: 2 | D10: 49 | E10: =(D10/100) -> 0.49 | F10: =(E10/1000000000)*1000000 -> 0.00049 | G10: =E10-E9 -> 0.01 | H10: =C10-C9 -> 0.05 | I10: ='data (Allison)'!I13 -> 0.0045813204 | J10: ='data (Allison)'!I105 -> 0.00615723 | K10: =J10-I10 -> 0.0015759097 | L10: =K10/E10 -> 0.0032161422 | N10: 2 | O10: 103.8
A11: 9 | B11: 1236 | C11: 2 | D11: 54 | E11: =(D11/100) -> 0.54 | F11: =(E11/1000000000)*1000000 -> 0.00054 | G11: =E11-E10 -> 0.05 | H11: =C11-C10 -> 0 | I11: ='data (Allison)'!J13 -> 0.00088559236 | J11: ='data (Allison)'!J105 -> 0.002272757 | K11: =J11-I11 -> 0.0013871646 | L11: =K11/E11 -> 0.0025688234 | N11: 2.08 | O11: 103.7
A12: 10 | B12: 1237 | C12: 2 | D12: 58 | E12: =(D12/100) -> 0.58 | F12: =(E12/1000000000)*1000000 -> 0.00058 | G12: =E12-E11 -> 0.04 | H12: =C12-C11 -> 0 | I12: ='data (Allison)'!K13 -> 0.0014523274 | J12: ='data (Allison)'!K105 -> 0.0029517346 | K12: =J12-I12 -> 0.0014994073 | L12: =K12/E12 -> 0.0025851849
A13: 11 | B13: 1239 | C13: 2.05 | D13: 65 | E13: =(D13/100) -> 0.65 | F13: =(E13/1000000000)*1000000 -> 0.00065 | G13: =E13-E12 -> 0.07 | H13: =C13-C12 -> 0.05 | I13: ='data (Allison)'!L13 -> -0.00075280676 | J13: ='data (Allison)'!L105 -> 0.00087734002 | K13: =J13-I13 -> 0.0016301468 | L13: =K13/E13 -> 0.0025079181
A14: 12 | B14: 1239 | C14: 2.05 | D14: 69 | E14: =(D14/100) -> 0.69 | F14: =(E14/1000000000)*1000000 -> 0.00069 | G14: =E14-E13 -> 0.04 | H14: =C14-C13 -> 0 | I14: ='data (Allison)'!M13 -> -0.0003148904 | J14: ='data (Allison)'!M105 -> 0.001288464 | K14: =J14-I14 -> 0.0016033544 | L14: =K14/E14 -> 0.002323702
A15: 13 | B15: 1239 | C15: 2 | D15: 76 | E15: =(D15/100) -> 0.76 | F15: =(E15/1000000000)*1000000 -> 0.00076 | G15: =E15-E14 -> 0.07 | H15: =C15-C14 -> -0.05 | I15: ='data (Allison)'!N13 -> 0.00056670529 | J15: ='data (Allison)'!N105 -> 0.0022717806 | K15: =J15-I15 -> 0.0017050754 | L15: =K15/E15 -> 0.0022435202
A16: 14 | B16: 1239 | C16: 2.05 | D16: 78 | E16: =(D16/100) -> 0.78 | F16: =(E16/1000000000)*1000000 -> 0.00078 | G16: =E16-E15 -> 0.02 | H16: =C16-C15 -> 0.05 | I16: ='data (Allison)'!O13 -> 0.00030334051 | J16: ='data (Allison)'!O105 -> 0.0021334667 | K16: =J16-I16 -> 0.0018301262 | L16: =K16/E16 -> 0.0023463157
A17: 15 | B17: 1238 | C17: 2 | D17: 85 | E17: =(D17/100) -> 0.85 | F17: =(E17/1000000000)*1000000 -> 0.00085 | G17: =E17-E16 -> 0.07 | H17: =C17-C16 -> -0.05 | I17: ='data (Allison)'!P13 -> 0.00046899656 | J17: ='data (Allison)'!P105 -> 0.0023690784 | K17: =J17-I17 -> 0.0019000818 | L17: =K17/E17 -> 0.0022353904
A18: 16 | B18: 1238 | C18: 2 | D18: 92 | E18: =(D18/100) -> 0.92 | F18: =(E18/1000000000)*1000000 -> 0.00092 | G18: =E18-E17 -> 0.07 | H18: =C18-C17 -> 0 | I18: ='data (Allison)'!Q13 -> -0.00033343605 | J18: ='data (Allison)'!Q105 -> 0.001838916 | K18: =J18-I18 -> 0.0021723521 | L18: =K18/E18 -> 0.0023612523
A19: 17 | B19: 1238 | C19: 2 | D19: 98 | E19: =(D19/100) -> 0.98 | F19: =(E19/1000000000)*1000000 -> 0.00098 | G19: =E19-E18 -> 0.06 | H19: =C19-C18 -> 0 | I19: ='data (Allison)'!R13 -> -0.0017766114 | J19: ='data (Allison)'!R105 -> 0.00028556409 | K19: =J19-I19 -> 0.0020621755 | L19: =K19/E19 -> 0.0021042607
A20: 18 | B20: 1237 | C20: 2 | D20: 105.5 | E20: =(D20/100) -> 1.055 | F20: =(E20/1000000000)*1000000 -> 0.001055 | G20: =E20-E19 -> 0.075 | H20: =C20-C19 -> 0 | I20: ='data (Allison)'!S13 -> -0.000160189 | J20: ='data (Allison)'!S105 -> 0.0020041285 | K20: =J20-I20 -> 0.0021643175 | L20: =K20/E20 -> 0.0020514858
D23: =314.84-49 -> 265.84
D24: =1139.04-750.26 -> 388.78
A25: Chart3, O:Si intersection = | D25: =D24/D23 -> 1.4624586
A28: Kmax (when x = 1) = | D28: =314.84+750.26 -> 1065.1
A30: XPS data = | D30: R. Alfonsetti, L. Lozzi, M. Passacantando, P. Picozzi, and S. Santucci. XPS studies on SiOx thin films. Appl. Surf. Sci. 1993, 70/71, 222-225.
B32: Molar mass (g/mol) | C32: density (g/cm3) | D32: form | E32: Refs
A33: SiO | B33: 44.08 | C33: 2.13 | D33: crystal | E33: https://en.wikipedia.org/wiki/Silicon_monoxide
A34: Si2O3 | B34: 104.1692 | C34: 1.74 | D34: crystal | E34: https://legacy.materialsproject.org/materials/mp-1179195/
A35: SiO2 (silica) | B35: 60.0843 | C35: 2.196 | D35: amorphous | E35: https://en.wikipedia.org/wiki/Silicon_dioxide
C36: 2.648 | D36: alpha-quartz | E36: https://en.wikipedia.org/wiki/Silicon_dioxide

Sheet data (Allison)
B1: 1st | C1: 2nd | D1: 3rd | E1: 4th | F1: 5th | G1: 6th | H1: 7th | I1: 8th | J1: 9th | K1: 10th | L1: 11th | M1: 12th | N1: 13th | O1: 14th | P1: 15th | Q1: 16th | R1: 17th | S1: 18th
B2: 20230911-SAGA-AuSlide22-(1st)UVO3(125C,15min)-coadds=256,gain=8,res=4,vel=1p89 | C2: 20230911-SAGA-AuSlide22-(2nd)UVO3(125C,15min)-coadds-256,gain=8,res=4,vel=1p89 | D2: 20230911-SAGA-AuSlide22-(3rd)UVO3(125C,15min)-coadds=256,gain=8,res=4,vel=1p89 | E2: 20230914-SAGA-AuSlide22-(4th)UVO3(125C,15min)-coadds=256,gain=8,res=4,vel=1p89 | F2: 20230914-SAGA-AuSlide22-(5th)UVO3(125C,15min)-coadds=256,gain=8,res=4,vel=1p89 | G2: 20230914-SAGA-AuSlide22-(6th)UVO3(125C,15min)-coadds=256,gain=8,res=4,vel=1p89 | H2: 20230919-SAGA-AuSlide22-(7th)UVO3(125C,15min)-coadds=256,gain=8,res=4,vel=1p89 | I2: 20230919-SAGA-AuSlide22-(8th)UVO3(125C,15min)-coadds=256,gain=8,res=4,vel=1p89 | J2: 20230919-SAGA-AuSlide22-(9th)UVO3(125C,15min)-coadds=256,gain=8,res=4,vel=1p89 | K2: 20230919-SAGA-AuSlide22-(10th)UVO3(125C,15min)-coadds=256,gain=8,res=4,vel=1p89 | L2: 20230925-SAGA-AuSlide22-(11th)UVO3(125C,15min)-coadds=256,gain=8,res=4,vel=1p89 | M2: 20230925-SAGA-AuSlide22-(12th)UVO3(125C,15min)-coadds=256,gain=8,res=4,vel=1p89 | N2: 20230925-SAGA-AuSlide22-(13th)UVO3(125C,15min)-coadds=256,gain=8,res=4,vel=1p89 | O2: 20230925-SAGA-AuSlide22-(14th)UVO3(125C,15min)-coadds=256,gain=8,res=4,vel=1p89 | P2: 20230925-SAGA-AuSlide22-(15th)UVO3(125C,15min)-coadds=256,gain=8,res=4,vel=1p89 | Q2: 20230926-SAGA-AuSlide22-(16th)UVO3(125C,15min)-coadds=256,gain=8,res=4,vel=1p89 | R2: 20230926-SAGA-AuSlide22-(17th)UVO3(125C,15min)-coadds=256,gain=8,res=4,vel=1p89 | S2: 20230926-SAGA-AuSlide22-(18th)UVO3(125C,15min)-coadds=256,gain=8,res=4,vel=1p89
A3: Wavenumber | B3: Abs | C3: Abs | D3: Abs | E3: Abs | F3: Abs | G3: Abs | H3: Abs | I3: Abs | J3: Abs | K3: Abs | L3: Abs | M3: Abs | N3: Abs | O3: Abs | P3: Abs | Q3: Abs | R3: Abs | S3: Abs
A4: 2958.75 | B4: 0.0006024632 | C4: 0.0006902333 | D4: 0.002402422 | E4: -0.0006098344 | F4: 0.0005196205 | G4: -0.0006008014 | H4: -0.001274947 | I4: 0.004651392 | J4: 0.000955742 | K4: 0.001501278 | L4: -0.000724633 | M4: -0.0002668458 | N4: 0.0005946991 | O4: 0.0003221823 | P4: 0.0005024701 | Q4: -0.0002977729 | R4: -0.001741046 | S4: -9.929136e-05
A5: 2959.232 | B5: 0.0005933719 | C5: 0.0006803769 | D5: 0.002395392 | E5: -0.0006217457 | F5: 0.0005046263 | G5: -0.00061043 | H5: -0.001282644 | I5: 0.004631566 | J5: 0.0009403009 | K5: 0.00149363 | L5: -0.0007411721 | M5: -0.0002862169 | N5: 0.0005878974 | O5: 0.0003170096 | P5: 0.0004857847 | Q5: -0.0003106861 | R5: -0.00175715 | S5: -0.0001246324
A6: 2959.714 | B6: 0.0005860394 | C6: 0.0006740052 | D6: 0.00238683 | E6: -0.0006284622 | F6: 0.0004867798 | G6: -0.0006141688 | H6: -0.001295495 | I6: 0.004609464 | J6: 0.0009223038 | K6: 0.001482758 | L6: -0.000752749 | M6: -0.0003041633 | N6: 0.0005808303 | O6: 0.0003116049 | P6: 0.0004730471 | Q6: -0.0003232348 | R6: -0.001769756 | S6: -0.0001481502
A7: 2960.196 | B7: 0.00057947 | C7: 0.0006703216 | D7: 0.002375569 | E7: -0.0006299181 | F7: 0.0004667117 | G7: -0.0006141688 | H7: -0.001312211 | I7: 0.004586927 | J7: 0.000901319 | K7: 0.00146793 | L7: -0.000759629 | M7: -0.0003191623 | N7: 0.0005725358 | O7: 0.0003056033 | P7: 0.000464622 | Q7: -0.0003347567 | R7: -0.001778699 | S7: -0.0001674934
A8: 2960.678 | B8: 0.0005729339 | C8: 0.0006682973 | D8: 0.002361477 | E8: -0.0006264109 | F8: 0.0004462465 | G8: -0.000612713 | H8: -0.001330644 | I8: 0.004565798 | J8: 0.0008777456 | K8: 0.001449413 | L8: -0.0007627712 | M8: -0.0003300884 | N8: 0.0005630802 | O8: 0.0002992703 | P8: 0.0004596798 | Q8: -0.0003444574 | R8: -0.001784771 | S8: -0.0001811723
A9: 2961.161 | B9: 0.0005657676 | C9: 0.0006669036 | D9: 0.002345586 | E9: -0.0006189334 | F9: 0.0004277723 | G9: -0.0006116211 | H9: -0.001349075 | I9: 0.004547717 | J9: 0.0008526131 | K9: 0.001428635 | L9: -0.0007630688 | M9: -0.0003363128 | N9: 0.0005529945 | O9: 0.0002935011 | P9: 0.0004572584 | Q9: -0.0003509134 | R9: -0.001789357 | S9: -0.000187995
A10: 2961.643 | B10: 0.0005574402 | C10: 0.0006653439 | D10: 0.002330029 | E10: -0.0006090072 | F10: 0.000413345 | G10: -0.0006114226 | H10: -0.001366119 | I10: 0.004533587 | J10: 0.0008281461 | K10: 0.001407393 | L10: -0.0007610843 | M10: -0.0003384317 | N10: 0.0005438712 | O10: 0.0002894228 | P10: 0.0004556332 | Q10: -0.000353595 | R10: -0.001793746 | S10: -0.000188558
A11: 2962.125 | B11: 0.000548184 | C11: 0.0006632532 | D11: 0.00231707 | E11: -0.0005983197 | F11: 0.0004046888 | G11: -0.0006121836 | H11: -0.001381544 | I11: 0.004524112 | J11: 0.0008065684 | K11: 0.001387582 | L11: -0.0007573467 | M11: -0.000337902 | N11: 0.0005377338 | O11: 0.0002881298 | P11: 0.0004534772 | Q11: -0.0003520721 | R11: -0.001798366 | S11: -0.0001842193
A13: AVG Intensity | B13: =AVERAGE(B4:B11) -> 0.00057570878 | C13: =AVERAGE(C4:C11) -> 0.00067234188 | D13: =AVERAGE(D4:D11) -> 0.0023642969 | E13: =AVERAGE(E4:E11) -> -0.00061782895 | F13: =AVERAGE(F4:F11) -> 0.00045872386 | G13: =AVERAGE(G4:G11) -> -0.00061093866 | H13: =AVERAGE(H4:H11) -> -0.0013240849 | I13: =AVERAGE(I4:I11) -> 0.0045813204 | ... S13: =AVERAGE(S4:S11) -> -0.000160189
B16: 1st | C16: 2nd | D16: 3rd | E16: 4th | F16: 5th | G16: 6th | H16: 7th | I16: 8th | J16: 9th | K16: 10th | L16: 11th | M16: 12th | N16: 13th | O16: 14th | P16: 15th | Q16: 16th | R16: 17th | S16: 18th
B17: 20230911-SAGA-AuSlide22-(1st)UVO3(125C,15min)-coadds=256,gain=8,res=4,vel=1p89 | C17: 20230911-SAGA-AuSlide22-(2nd)UVO3(125C,15min)-coadds-256,gain=8,res=4,vel=1p89 | D17: 20230911-SAGA-AuSlide22-(3rd)UVO3(125C,15min)-coadds=256,gain=8,res=4,vel=1p89 | E17: 20230914-SAGA-AuSlide22-(4th)UVO3(125C,15min)-coadds=256,gain=8,res=4,vel=1p89 | F17: 20230914-SAGA-AuSlide22-(5th)UVO3(125C,15min)-coadds=256,gain=8,res=4,vel=1p89 | G17: 20230914-SAGA-AuSlide22-(6th)UVO3(125C,15min)-coadds=256,gain=8,res=4,vel=1p89 | H17: 20230919-SAGA-AuSlide22-(7th)UVO3(125C,15min)-coadds=256,gain=8,res=4,vel=1p89 | I17: 20230919-SAGA-AuSlide22-(8th)UVO3(125C,15min)-coadds=256,gain=8,res=4,vel=1p89 | J17: 20230919-SAGA-AuSlide22-(9th)UVO3(125C,15min)-coadds=256,gain=8,res=4,vel=1p89 | K17: 20230919-SAGA-AuSlide22-(10th)UVO3(125C,15min)-coadds=256,gain=8,res=4,vel=1p89 | L17: 20230925-SAGA-AuSlide22-(11th)UVO3(125C,15min)-coadds=256,gain=8,res=4,vel=1p89 | M17: 20230925-SAGA-AuSlide22-(12th)UVO3(125C,15min)-coadds=256,gain=8,res=4,vel=1p89 | N17: 20230925-SAGA-AuSlide22-(13th)UVO3(125C,15min)-coadds=256,gain=8,res=4,vel=1p89 | O17: 20230925-SAGA-AuSlide22-(14th)UVO3(125C,15min)-coadds=256,gain=8,res=4,vel=1p89 | P17: 20230925-SAGA-AuSlide22-(15th)UVO3(125C,15min)-coadds=256,gain=8,res=4,vel=1p89 | Q17: 20230926-SAGA-AuSlide22-(16th)UVO3(125C,15min)-coadds=256,gain=8,res=4,vel=1p89 | R17: 20230926-SAGA-AuSlide22-(17th)UVO3(125C,15min)-coadds=256,gain=8,res=4,vel=1p89 | S17: 20230926-SAGA-AuSlide22-(18th)UVO3(125C,15min)-coadds=256,gain=8,res=4,vel=1p89
A18: Wavenumber | B18: Abs | C18: Abs | D18: Abs | E18: Abs | F18: Abs | G18: Abs | H18: Abs | I18: Abs | J18: Abs | K18: Abs | L18: Abs | M18: Abs | N18: Abs | O18: Abs | P18: Abs | Q18: Abs | R18: Abs | S18: Abs
A19: 3420.136 | B19: 0.001336063 | C19: 0.001735312 | D19: 0.003357595 | E19: 0.0006285767 | F19: 0.001612609 | G19: 0.0005557814 | H19: -4.969821e-05 | I19: 0.006102022 | J19: 0.002286525 | K19: 0.002905146 | L19: 0.0009278822 | M19: 0.00127777 | N19: 0.002269072 | O19: 0.002151512 | P19: 0.002382266 | Q19: 0.00189399 | R19: 0.0003709283 | S19: 0.001976363
A20: 3420.618 | B20: 0.001333769 | C20: 0.001737641 | D20: 0.003361735 | E20: 0.0006330895 | F20: 0.001620125 | G20: 0.0005498097 | H20: -3.565076e-05 | I20: 0.006102627 | J20: 0.002279297 | K20: 0.002892738 | L20: 0.0009242296 | M20: 0.001285879 | N20: 0.002268639 | O20: 0.002147882 | P20: 0.002381133 | Q20: 0.001894689 | R20: 0.000366584 | S20: 0.001978726
A21: 3421.1 | B21: 0.001334102 | C21: 0.001738872 | D21: 0.003366544 | E21: 0.0006336867 | F21: 0.001624515 | G21: 0.0005441034 | H21: -1.70637e-05 | I21: 0.006106592 | J21: 0.002275067 | K21: 0.002883832 | L21: 0.0009131062 | M21: 0.001294519 | N21: 0.002270704 | O21: 0.002144286 | P21: 0.002378767 | Q21: 0.001890196 | R21: 0.0003559391 | S21: 0.00198282
A22: 3421.582 | B22: 0.001337226 | C22: 0.001737874 | D22: 0.00337202 | E22: 0.0006298707 | F22: 0.001625712 | G22: 0.000539293 | H22: 4.572521e-06 | I22: 0.006112103 | J22: 0.002274601 | K22: 0.002879896 | L22: 0.0008972351 | M22: 0.001302761 | N22: 0.002275433 | O22: 0.002140357 | P22: 0.002377501 | Q22: 0.001881012 | R22: 0.0003401215 | S22: 0.001988113
A23: 3422.064 | B23: 0.001343075 | C23: 0.001733516 | D23: 0.003377897 | E23: 0.0006219735 | F23: 0.001624316 | G23: 0.0005353783 | H23: 2.63755e-05 | I23: 0.006116875 | J23: 0.002277299 | K23: 0.002881264 | L23: 0.0008800697 | M23: 0.001310006 | N23: 0.002282162 | O23: 0.002135296 | P23: 0.002379134 | Q23: 0.001868765 | R23: 0.000321685 | S23: 0.001994005
A24: 3422.546 | B24: 0.001351086 | C24: 0.001725898 | D24: 0.003383608 | E24: 0.0006114551 | F24: 0.001621289 | G24: 0.0005320609 | H24: 4.473326e-05 | I24: 0.00611916 | J24: 0.002282128 | K24: 0.002887635 | L24: 0.000865561 | M24: 0.001316321 | N24: 0.002290023 | O24: 0.002128903 | P24: 0.002383665 | Q24: 0.001854756 | R24: 0.0003034813 | S24: 0.001999996
A25: 3423.028 | B25: 0.001360791 | C25: 0.001715619 | D25: 0.003388082 | E25: 0.0006001074 | F25: 0.001617797 | G25: 0.0005289424 | H25: 5.62321e-05 | I25: 0.006118118 | J25: 0.002287225 | K25: 0.002897808 | L25: 0.0008562983 | M25: 0.001322104 | N25: 0.002297217 | O25: 0.002121244 | P25: 0.002390028 | Q25: 0.001840914 | R25: 0.000288826 | S25: 0.002005588
A26: 3423.51 | B26: 0.001371361 | C26: 0.001704043 | D26: 0.003390954 | E26: 0.000589855 | F26: 0.00161507 | G26: 0.0005257246 | H26: 5.831982e-05 | I26: 0.006113851 | J26: 0.002290822 | K26: 0.002910116 | L26: 0.0008533767 | M26: 0.001327089 | N26: 0.002302247 | O26: 0.002113586 | P26: 0.002395792 | Q26: 0.001828669 | R26: 0.0002797082 | S26: 0.002010315
A27: 3423.993 | B27: 0.001381665 | C27: 0.0016927 | D27: 0.003391355 | E27: 0.000582622 | F27: 0.00161344 | G27: 0.0005221749 | H27: 5.069804e-05 | I27: 0.006107667 | J27: 0.002291721 | K27: 0.002922959 | L27: 0.0008560327 | M27: 0.001330811 | N27: 0.002303646 | O27: 0.00210736 | P27: 0.002398891 | Q27: 0.001819352 | R27: 0.0002763595 | S27: 0.002013578
A28: 3424.475 | B28: 0.001390407 | C28: 0.00168292 | D28: 0.003389351 | E28: 0.0005797023 | F28: 0.001613074 | G28: 0.0005188244 | H28: 3.442763e-05 | I28: 0.006100846 | J28: 0.00228929 | K28: 0.002934801 | L28: 0.0008623738 | M28: 0.001332373 | N28: 0.002300715 | O28: 0.00210433 | P28: 0.002398158 | Q28: 0.00181333 | R28: 0.0002778184 | S28: 0.002015175
A29: 3424.957 | B29: 0.001396656 | C29: 0.001675137 | D29: 0.003385711 | E29: 0.0005820579 | F29: 0.00161364 | G29: 0.0005161041 | H29: 1.275679e-05 | I29: 0.006095167 | J29: 0.002283394 | K29: 0.002945076 | L29: 0.0008699766 | M29: 0.001330678 | N29: 0.002293653 | O29: 0.002105562 | P29: 0.002393827 | Q29: 0.001810768 | R29: 0.0002817638 | S29: 0.002015308
A30: 3425.439 | B30: 0.001399415 | C30: 0.001669616 | D30: 0.003381437 | E30: 0.0005895232 | F30: 0.001614272 | G30: 0.0005143459 | H30: -9.973231e-06 | I30: 0.006091505 | J30: 0.002274934 | K30: 0.002953483 | L30: 0.0008764176 | M30: 0.001325394 | N30: 0.002283228 | O30: 0.002111023 | P30: 0.00238703 | Q30: 0.001810901 | R30: 0.000285411 | S30: 0.00201421
... A103: 3460.634 | B103: 0.001324231 | C103: 0.001679295 | D103: 0.003413429 | E103: 0.0006406883 | F103: 0.001609516 | G103: 0.0005163032 | H103: 8.237903e-05 | I103: 0.006178711 | J103: 0.002215416 | K103: 0.002960855 | L103: 0.0008474673 | M103: 0.001271357 | N103: 0.002271603 | O103: 0.002089514 | P103: 0.002347918 | Q103: 0.001878649 | R103: 0.0002365089 | S103: 0.002024496
A105: AVG Intensity | B105: =AVERAGE(B19:B103) -> 0.0013483704 | C105: =AVERAGE(C19:C103) -> 0.0016820196 | D105: =AVERAGE(D19:D103) -> 0.003384966 | E105: =AVERAGE(E19:E103) -> 0.00061371263 | F105: =AVERAGE(F19:F103) -> 0.0015937109 | G105: =AVERAGE(G19:G103) -> 0.0005418001 | H105: =AVERAGE(H19:H103) -> 2.4793755e-05 | I105: =AVERAGE(I19:I103) -> 0.00615723 | ... S105: =AVERAGE(S19:S103) -> 0.0020041285
